Insurance_company_ID,Insurance_company_Name,Company_Link
001,Healthy Paws Pet Insurance and Foundation,https://www.healthypawspetinsurance.com/
002,Pet Plan Pet Insurance,https://www.gopetplan.com/
003,Embrace Pet Insurance,https://www.embracepetinsurance.com/
004,Progressive,https://www.progressive.com/
005,ASPCA Pet Health Insurance,https://www.aspcapetinsurance.com/
006,Proudent Pet Insurance,https://www.prudentpet.com/
007,Figo Pet Insurance,https://figopetinsurance.com/
008,PetFirst Pet Insurance,https://www.petfirst.com/
009,Pets Best Pet Health Insurance,https://www.petsbest.com/
010,Hartville Pet Insurance,https://www.hartvillepetinsurance.com/
011,Spot Pet Insurance,https://spotpetins.com/
012,Trupanion Pet Insurance,https://trupanion.com/